pid,titulo,label,Año,descripción,enlance
Scrp-F-01,Sonreír en la cancha,Retrato jugadora Scorpions en cancha – post partido,2016,"Esta imagen captura a una jugadora del equipo femenino de Scorpions en un momento previo al partido, donde la sonrisa no solo refleja emoción, sino también persistencia",https://drive.google.com/file/d/1pbbb-xY8_rOZ_qpnn2rJxxQj6axHi6SD/view?usp=share_link
Scrp-F-02,"Juntas frente al arco: equipo, historia y resistencia en cada formación",Equipo femenino Scorpions posando antes de partido,2006,"Esta imagen reúne al equipo femenino de Scorpions en una formación previa al partido, un instante que trasciende lo deportivo para convertirse en un acto de afirmación colectiva. Cada jugadora, alineada frente al arco, representa no solo su compromiso con el juego, sino también su participación en una historia que durante años ha sido poco registrada y escasamente visibilizada.",https://drive.google.com/file/d/1vTyWn9VpPDLVGsjP7queV6RfIrXCtLmv/view?usp=share_link
Scrp-F-03,Más allá de la cancha: viajar juntas también es construir historia,Equipo femenino Scorpions en viaje / salida grupal,1999,"La imagen muestra a un grupo de jugadoras del equipo femenino de Scorpions durante un viaje, en un  aeropuerto. Lejos de la cancha, este momento revela otra dimensión fundamental del fútbol femenino: la experiencia compartida fuera del juego.",https://drive.google.com/file/d/1QwyEsxrTYViZtjPDDQE0QS2peL6mIsUC/view?usp=share_link
Scrp-F-04,Un logro que también es de todas: el reconocimiento en el fútbol femenino,Jugadora Scorpions premiada en torneo (Arrayanes),2018,"La imagen retrata a una jugadora del equipo femenino de Scorpions siendo reconocida tras un torneo, con medalla al cuello y balón en mano. Este momento, aunque individual en apariencia, representa un logro colectivo construido desde el esfuerzo del equipo, el acompañamiento y la persistencia en un contexto donde el fútbol femenino ha tenido que abrirse espacio.",https://drive.google.com/file/d/1R5japD2BjQQnmySvhGzQj8Tm2jSLmyJp/view?usp=sharing
Scrp-F-05,En cualquier cancha: el fútbol femenino que se construye juntas,Equipo femenino Scorpions en formación – partido fuera de Bogotá,2010,"La imagen muestra al equipo femenino de Scorpions posando en formación frente al arco, en lo que parece ser un partido o torneo fuera de su contexto habitual. Este tipo de escenarios refleja cómo el fútbol femenino amateur se expande más allá de su territorio, llevando consigo no solo un equipo, sino una identidad colectiva que se fortalece en cada nuevo espacio.",https://drive.google.com/file/d/1OXn4m7qcOyMx5u6Jsx61l4QyNQXzc2hb/view?usp=sharing
Scrp-F-06,Fuera de la cancha también somos equipo: vínculos que sostienen el juego,Equipo femenino Scorpions en encuentro social / espacio compartido,2002,"La imagen reúne a un grupo de jugadoras del equipo femenino de Scorpions en un espacio cerrado, lejos de la cancha y del contexto competitivo. Este tipo de momentos revela una dimensión fundamental del fútbol que muchas veces queda fuera del registro: los lazos afectivos y las relaciones que se construyen dentro del equipo.",https://drive.google.com/file/d/1Rbj-mcwQGknNwkCGLXlh5Y-oHSz67uTB/view?usp=share_link
Scrp-F-07,Compartir la mesa: el equipo también se construye en lo cotidiano,Equipo femenino Scorpions en comida grupal / concentración,2002,"La imagen muestra a varias jugadoras del equipo femenino de Scorpions reunidas alrededor de una mesa durante una comida, probablemente en el marco de un viaje, torneo o concentración. Este tipo de momentos, lejos del juego formal, son fundamentales en la construcción del equipo como comunidad.",https://drive.google.com/file/d/1RtK3DZUuuvAyKBjUVaBFEv5-kYyFDEUi/view?usp=share_link
Scrp-F-08,Nombre propio en la cancha: la historia también se escribe desde cada jugadora,"Sofía Cortez – jugadora Scorpions, retrato en cancha",2019,"La imagen retrata a Sofía Cortez, jugadora del equipo femenino de Scorpions, posando en la cancha con su uniforme. Este tipo de fotografías individuales adquiere un valor especial dentro del archivo, ya que permite poner nombre y rostro a quienes han construido la historia del fútbol femenino desde lo cotidiano.",https://drive.google.com/file/d/1TkAA9PcB3qdOmVPfCQUUhaiKQZ0L0NDE/view?usp=sharing
Scrp-F-09,Espaldas que cuentan historias: identidad y memoria en cada nombre,Equipo femenino Scorpions – dorsales y nombres de jugadoras,2006,"La imagen muestra a un grupo de jugadoras del equipo femenino de Scorpions de espaldas, dejando ver sus nombres y números en los uniformes. Este encuadre, lejos de ocultar identidades, las resalta: cada dorsal se convierte en una forma de nombrarse, de existir y de ser reconocida dentro del juego.",https://drive.google.com/file/d/11xAHbZ0scuPQAAb5xzmG8lt8cr874d1Y/view?usp=sharing
Scrp-F-10,Desde pequeñas: el origen de una historia que sigue creciendo,Categoría infantil Scorpions – preparación antes de partido,2017,"La imagen muestra a un grupo de niñas y niños de la categoría infantil de Scorpions en un momento previo al juego, ajustando sus uniformes y preparándose para entrar a la cancha.",https://drive.google.com/file/d/1QGwKd0jkIfwyuw1rq4eeZHSp9OI80doM/view?usp=sharing
Scrp-F-11,Compartir la cancha: el fútbol como espacio de encuentro y transformación,Equipo Scorpions mixto en formación – fotografía pre partido,2019,"La imagen muestra a un equipo de Scorpions posando en formación antes de un partido, en una alineación donde conviven jugadores y jugadoras. Este tipo de configuraciones refleja un espacio donde el fútbol se vive como un punto de encuentro, más allá de las divisiones tradicionales de género.",https://drive.google.com/file/d/18eUW9xQHBJjWaI3CGirOfnjfamVrnoEI/view?usp=sharing
Scrp-F-12,Soñar de cerca: referentes que inspiran el camino en el fútbol femenino,Jugadoras Scorpions con jugador profesional – encuentro post entrenamiento,2012,"La imagen muestra a dos jugadoras jóvenes de Scorpions compartiendo un momento con un jugador profesional, en un espacio cercano a la cancha. Este tipo de encuentros, más allá de la fotografía, representan instantes de inspiración y proyección para quienes están comenzando su camino en el fútbol.",https://drive.google.com/file/d/1DFLhqOWi6UJbkPw674QC3vfJM4AeInjU/view?usp=sharing
Scrp-F-13,"Existir en el registro: identidad, archivo y reconocimiento en el fútbol femenino",Carnet deportivo Valentina Jerez Dueñas – Scorpions,2017,"La imagen corresponde al carnet deportivo de Valentina Jerez Dueñas, jugadora de Scorpions, emitido en el marco de un torneo nacional. Este documento no solo cumple una función administrativa, sino que representa una forma de reconocimiento formal dentro del ámbito deportivo.",https://drive.google.com/file/d/13TVOue0YL1R2RjfV1v1R7bQHRflzIok_/view?usp=sharing
Scrp-F-14,Frente al ídolo: entre la historia heredada y la que está por escribirse,jugadoras Scorpions frente al monumento de Carlos “El Pibe” Valderrama,2006,"La imagen muestra a tres jugadoras de Scorpions posando frente al monumento de Carlos “El Pibe” Valderrama, una de las figuras más emblemáticas del fútbol colombiano. Este encuentro entre las jugadoras y el ídolo simboliza un cruce entre la historia oficial del fútbol —tradicionalmente masculina— y las nuevas generaciones que buscan construir su propio lugar dentro del deporte.",https://drive.google.com/file/d/10pU1GhhljRuKNZrX21_jMjlHKliFNL2G/view?usp=sharing
Scrp-F-15,"Como nos nombramos: apodos, identidad y complicidad en el equipo","Jugadoras Scorpions – dorsales con apodos (Paisa, Kade, Mariale)",2006,"La imagen muestra a tres jugadoras del equipo femenino de Scorpions de espaldas, dejando ver no solo sus números, sino también sus apodos: “Paisa”, “Kade” y “Mariale”. Este detalle revela una dimensión íntima del equipo, donde la identidad no se construye únicamente desde el nombre formal, sino desde las formas en que se reconocen entre ellas.",https://drive.google.com/file/d/1TVmKW6ncxFO2Vi7bDSm0HDuLa5Y4LH2q/view?usp=sharing
Scrp-F-16,Entre nosotras: nombres que solo el equipo entiende,"Jugadoras Scorpions – dorsales con apodos (Mon, Mariale, Tati)",2006,"La imagen muestra a tres jugadoras del equipo femenino de Scorpions de espaldas, donde se leen sus apodos y números en las camisetas: “Mon”, “Mariale” y “Tati”. Este tipo de registros revela una dimensión íntima del fútbol que rara vez aparece en los relatos oficiales: la forma en que las jugadoras se nombran y se reconocen entre ellas.",https://drive.google.com/file/d/1KYgTpw9oHrCfjNW2lwZQ4Vvat_pwHFPm/view?usp=sharing
Scrp-F-17,Mirar de cerca: entre la admiración y el derecho a ocupar ese lugar,Jugadoras Scorpions con jugador profesional – encuentro cercano,2012,"La imagen muestra a varias jugadoras jóvenes de Scorpions compartiendo un momento cercano con un jugador profesional. La proximidad física refleja también una cercanía simbólica con el mundo del fútbol de alto nivel, un espacio que históricamente ha sido más accesible y visible para los hombres.",https://drive.google.com/file/d/1shuQH1kvnUUCXWnhQz30JCnFSnO6wWS5/view?usp=sharing
Scrp-F-18,"Un rostro, una historia: reconocer para no olvidar",ugadora Scorpions – retrato en cancha (pre partido),2019,"La imagen presenta el retrato cercano de una jugadora de Scorpions en la cancha, en un momento previo al partido. Este tipo de fotografía permite detenerse en el rostro, en la expresión y en la presencia individual, elementos que muchas veces se diluyen en la lógica colectiva del equipo.",https://drive.google.com/file/d/1e7CfwhHBNPZSvSKxx-D2Y7bg5MmPW40p/view?usp=sharing
Scrp-F-19,Estar ahí: habitar la cancha también es hacer historia,Jugadora Scorpions – retrato en cancha con uniforme oficial,2019,"La imagen muestra a una jugadora del equipo femenino de Scorpions posando en la cancha con su uniforme, en un momento previo al partido. Este tipo de retratos, aunque sencillos, tienen un valor profundo dentro de la construcción de memoria del fútbol femenino, ya que evidencian la presencia de las jugadoras en espacios que históricamente no siempre les han sido reconocidos.",https://drive.google.com/file/d/1oXBpt0meDV2PEpylVCtYskeLKmWPq6WW/view?usp=sharing
Scrp-F-20,Más que un equipo: una comunidad que crece junta,Equipo Scorpions mixto – formación grupal en cancha,2019,"La imagen muestra a un grupo amplio de jugadores y jugadoras de Scorpions posando juntos en la cancha, incluyendo también a una niña en el centro, lo que refuerza la idea de un espacio abierto, formativo y comunitario. Esta fotografía va más allá de la lógica competitiva del equipo tradicional y evidencia una red más amplia de relaciones que sostienen el proyecto deportivo.",https://drive.google.com/file/d/1g7TMPxf6xjJHRP7T-igcvDtWRc_6dIb7/view?usp=sharing
Scrp-F-21,Entre olas y risas: el equipo también se construye en la alegría,Equipo femenino Scorpions en viaje a Cartagena de Indias,2006,"La imagen muestra a un grupo amplio de jugadoras de Scorpions durante un viaje a Cartagena de Indias, en un momento de esparcimiento frente al mar. Este tipo de registros revela una dimensión del fútbol femenino que va más allá de la competencia: los espacios de descanso, celebración y convivencia que fortalecen los vínculos del equipo.",https://drive.google.com/file/d/1TESCsZzAX96QmAgUIvXneIVUkbQKUJiW/view?usp=sharing
Scrp-F-22,Ocupar la cancha: el equipo que se hace visible,Equipo femenino Scorpions en formación – fotografía post partido en cartagena,2006,"La imagen muestra al equipo femenino de Scorpions posando en la cancha tras un partido, en una formación que evidencia unidad, esfuerzo compartido y presencia colectiva. El fondo del escenario, con graderías visibles, refuerza la idea de un espacio tradicionalmente asociado al fútbol masculino, ahora habitado por mujeres que disputan su lugar dentro del deporte.",https://drive.google.com/file/d/1ii1GbEfJ0ksaADe7TMszmNzhASEmQ9XF/view?usp=sharing
Scrp-F-23,Sonreír juntas: el fútbol también es alegría compartida,Jugadoras Scorpions – selfie en cancha / momento informal,2019,"La imagen captura un momento espontáneo entre dos jóvenes vinculadas al entorno de Scorpions, en una selfie tomada en la cancha. Lejos de la formalidad del partido o la formación del equipo, esta fotografía revela una dimensión íntima y cotidiana del fútbol: la alegría, la cercanía y la complicidad que se construyen alrededor del juego.",https://drive.google.com/file/d/1dW2GrVIGdbtiMrswIxor-_tZBBhO9ka7/view?usp=sharing
Scrp-F-24,Ganar juntas: memoria del esfuerzo que también llegó al mar,Equipo femenino Scorpions campeón en Cartagena – fotografía con trofeo,2001,"La imagen reúne al equipo femenino de Scorpions en Cartagena de Indias, celebrando un triunfo reflejado en el trofeo y el balón que aparecen en primer plano. Este montaje visual no solo documenta la victoria, sino que construye una narrativa simbólica del logro colectivo: el equipo, el escenario y los objetos del triunfo se integran en una misma memoria.",https://drive.google.com/file/d/1sSnE4ZRD3JLZI5g0ernPRPnyzpTXyiA3/view?usp=sharing
Scrp-F-25,El juego en movimiento: donde el equipo se vuelve acción,Equipo femenino Scorpions en entrenamiento / calentamiento en cancha,2008,"La imagen muestra a un grupo de jugadoras de Scorpions en pleno ejercicio dentro de la cancha, probablemente durante un calentamiento o entrenamiento. A diferencia de las fotografías posadas, aquí el equipo aparece en movimiento, en acción, evidenciando el fútbol como práctica viva y dinámica.",https://drive.google.com/file/d/1JNDIGduRv6V6u7c9k-nyJq4fTXw3Nlre/view?usp=sharing
Scrp-F-26,Celebrar juntas: la victoria como memoria compartida,Equipo femenino Scorpions campeón – premiación con medallas y trofeo,2005,"La imagen muestra al equipo femenino de Scorpions reunido tras una premiación, con medallas al cuello y el trofeo en el centro. Este momento captura la culminación de un proceso colectivo marcado por el esfuerzo, la disciplina y la constancia, donde cada jugadora aporta a un logro compartido.",https://drive.google.com/file/d/10qRN5R2IcF829PdETqJ7PJ0Ak9Vs5KSh/view?usp=sharing
Scrp-F-27,Una sonrisa que permanece: identidad y memoria en primer plano,Jugadora Scorpions – retrato cercano en cancha,2019,"La imagen presenta el retrato cercano de una jugadora de Scorpions en la cancha, capturando su expresión en un momento previo o posterior al juego. Este tipo de fotografías permite centrar la atención en el rostro, en la emoción y en la presencia individual, elementos que son fundamentales para humanizar la memoria del equipo.",https://drive.google.com/file/d/1n85OxiG__V6doR16P2Fbdhd3A7ikLOKZ/view?usp=sharing
Scrp-F-28,Llegar más lejos: visibilidad y oportunidades en el fútbol femenino,Equipo femenino Scorpions en evento deportivo con patrocinio (Gatorade),2006,"La imagen muestra a un grupo de jugadoras del equipo femenino de Scorpions posando en un evento deportivo, acompañadas de una valla publicitaria de Gatorade. Este tipo de escenarios evidencia la relación entre el fútbol femenino y los espacios de patrocinio, donde comienza a abrirse una mayor visibilidad para las jugadoras dentro del ámbito deportivo.",https://drive.google.com/file/d/1tuQicA1AZBw2InWO9GiDDjJQwqSquOmc/view?usp=sharing
Scrp-F-29,Una presencia que cuenta: identidad y memoria en cada rostro,"Jugadora Scorpions – retrato individual en cancha, Sofia Cortez ",2019,"La imagen presenta el retrato cercano de una jugadora del equipo femenino de Scorpions en la cancha, capturando su expresión en un momento de calma dentro de la dinámica del juego. Este tipo de registros permite centrar la mirada en la individualidad dentro del colectivo, resaltando la importancia de cada jugadora en la construcción de la historia del equipo.",https://drive.google.com/file/d/1x5pC9aCf3YOvksgKR_xl7Ys7V-YR01MT/view?usp=sharing
Scrp-F-30,Registrar para competir: identidad y participación en la Copa,Carnet / registro de participación – Copa de fútbol (control de jugadoras),2020,"La imagen corresponde a un carnet o registro utilizado en el marco de una Copa de fútbol, donde se organizan y validan las categorías, edades y participación de las jugadoras. Este tipo de documento cumple una función clave dentro del torneo, ya que permite formalizar la inscripción y garantizar la regulación de la competencia.",https://drive.google.com/file/d/1GpOE1RbwecfHCxow5IamKdHeg_7U7wo3/view?usp=sharing
Scrp-F-31,Defender también es volar: el cuerpo que responde al juego,Arquera Scorpions en acción – intento de atajada,2025,"La imagen captura a una arquera de Scorpions en pleno salto, estirando el cuerpo para alcanzar el balón en una jugada de alta exigencia. A diferencia de las imágenes posadas, aquí el protagonismo está en la acción: el reflejo, la técnica y la capacidad de respuesta en un instante decisivo del juego.",https://drive.google.com/file/d/1pNWwinwQXhBmKOvggDP7kmAp12jYn-6_/view?usp=sharing
Scrp-F-32,Sostener el juego: el momento en que todo pasa por sus manos,Arquera Scorpions – control del balón en juego,2025,"La imagen muestra a una arquera de Scorpions en el momento de controlar el balón con las manos, una acción clave que marca la transición entre defensa y construcción de juego. A diferencia del instante de vuelo o atajada, aquí se evidencia la toma de decisión, la calma y el control dentro de una jugada que puede definir el ritmo del partido.",https://drive.google.com/file/d/19VUuko77Apr0J8hNVFGgxM-T669f45Lj/view?usp=sharing
Scrp-F-33,Cruzar fronteras: el fútbol femenino que también llegó lejos,Equipo femenino Scorpions – participación en USA Cup (Schwan’s USA Cup),2001,"La imagen corresponde a un registro del equipo femenino de Scorpions en la USA Cup, un torneo internacional que reúne equipos de distintas partes del mundo. El montaje incluye tanto la fotografía oficial del equipo como la referencia institucional del evento, lo que refuerza su valor como documento histórico dentro del archivo.",https://drive.google.com/file/d/1GIr2GIWgKiNngrsmpQLUpg5SgrvsErrC/view?usp=sharing
Scrp-F-34,"Donde todo empieza: primeras formaciones, primeras historias",Categoría infantil Scorpions – formación frente al arco (registro temprano),2003,"La imagen reúne dos fotografías de categorías infantiles de Scorpions posando frente al arco, en lo que parecen ser registros tempranos del equipo. Estos momentos capturan el inicio de los procesos formativos, donde el fútbol comienza a tomar forma en la vida de las y los jugadores.",https://drive.google.com/file/d/1h7dgvIdL4lJlgg-tO9XQ0EtX4nLk6Y8h/view?usp=sharing
Scrp-F-35,Entre la cancha y la vida: historias que empiezan juntas,Categoría infantil Scorpions – formación y momento fuera de cancha,2004,"La imagen reúne dos momentos distintos pero conectados: por un lado, una formación de categoría infantil de Scorpions frente al arco; por otro, un instante fuera de la cancha, en un entorno cotidiano. Esta combinación permite ver el fútbol no solo como práctica deportiva, sino como parte de una experiencia más amplia en la vida de quienes participan.",https://drive.google.com/file/d/1IfSAko4RZPKRyOr7RlskB59G01oDmCVX/view?usp=sharing
Scrp-F-36,Soñar en grande: cuando el fútbol se mira desde el Maracaná,Niñas y niños en el Estadio Maracaná – experiencia como espectadores,2003,"La imagen muestra a un grupo de niñas y niños en el Estadio Maracaná, uno de los escenarios más emblemáticos del fútbol mundial. Este momento no solo registra una salida o viaje, sino un encuentro temprano con la magnitud del deporte: un estadio que concentra historia, ídolos y relatos que han definido el fútbol a nivel global.",https://drive.google.com/file/d/1Y0VeeHzinBjNlnPVyfbPjqgeZWFBrQgy/view?usp=sharing
Scrp-F-37,"Antes del equipo, la historia: vínculos que acompañan el camino",Jugadora Scorpions en viaje  / momento personal,2002,"La imagen reúne dos momentos de una niña acompañada por un adulto en un contexto de viaje, en espacios que parecen ser museos o exhibiciones. Lejos de la cancha, estos registros permiten ver la dimensión personal que antecede y acompaña la vida deportiva.",https://drive.google.com/file/d/1oSSv12rMF1wvEDjjJQrog_wUlHXVhNJo/view?usp=sharing
Scrp-F-38,Crecer jugando: del primer equipo a la historia compartida”,Categorías formativas Scorpions – evolución de equipos en el tiempo,2001,"La imagen reúne dos fotografías de equipos en distintas etapas del proceso formativo de Scorpions. En la parte superior se observa un grupo más reducido, posiblemente en una etapa inicial, mientras que en la inferior aparece un equipo más amplio y diverso, acompañado por adultos y en un contexto más consolidado.",https://drive.google.com/file/d/1NmMZPjdbeAEJiT4aAVyvsyzrhdcz4d_V/view?usp=sharing
Scrp-F-39,Salir a jugar: los primeros viajes que hicieron historia,Equipo femenino Scorpions en viaje a Cali (Valle) – registro grupal,1999,"La imagen reúne dos momentos del equipo femenino de Scorpions durante un viaje a Cali en octubre de 1999. En la parte superior, el grupo aparece reunido en lo que parece ser una terminal o aeropuerto, mientras que en la inferior se observa un momento de descanso en un espacio urbano. Ambos registros permiten reconstruir la experiencia completa del desplazamiento: la espera, el tránsito y la convivencia fuera de la cancha.",https://drive.google.com/file/d/1hJIV617_iEuLYExlZKs7Fe1T-tLBYSVi/view?usp=sharing
Scrp-F-40,Del viaje al triunfo: el camino también hace la victoria,Equipo femenino Scorpions en viaje y campeonato en Cartagena,2006,"La imagen articula dos momentos clave del equipo femenino de Scorpions: a la izquierda, el grupo durante el viaje, en un espacio de espera y tránsito; a la derecha, la celebración del campeonato en Cartagena, con el trofeo y el balón como símbolos del logro. Esta combinación construye una narrativa completa del proceso, donde el resultado no se entiende sin el camino que lo hizo posible.",https://drive.google.com/file/d/1l5HB7ntpsoaW0qbQQjmk9ogRIfGWZaAK/view?usp=sharing
Scrp-F-41,Representar más que un equipo: llevar el país en el juego,Equipo femenino Scorpions en torneo internacional – representación de Colombia,2001,"La imagen reúne dos momentos vinculados a un contexto internacional: en la parte superior, el equipo femenino de Scorpions posando con uniforme de Colombia; en la inferior, un desfile donde se observa la representación del país. Este conjunto construye una narrativa de participación que trasciende el equipo y se proyecta hacia una identidad nacional.",https://drive.google.com/file/d/1R8QVmA0aMg3_JzqIObH9D7MPRD63Nc22/view?usp=sharing
Scrp-F-42,Con maletas y un balón: viajar también era creer en el fútbol femenino,Equipo femenino Scorpions en terminal de viaje – salida a torneo,1999,"La imagen muestra al equipo femenino de Scorpions reunido en una terminal durante un viaje a torneo, rodeadas de maletas, balones y uniformes. Más que una simple fotografía grupal, el registro captura uno de los aspectos menos visibles del fútbol femenino amateur: todo lo que ocurre antes de entrar a la cancha.",https://drive.google.com/file/d/1NYt8LN5dtz_VtuuxpQne-0yBzXyGg8sU/view?usp=sharing
Scrp-F-43,El mar también guarda sus victorias,Equipo femenino Scorpions campeón en Cartagena de Indias,2006,"La imagen reúne al equipo femenino de Scorpions en Cartagena de Indias después de un torneo, acompañada por el trofeo obtenido y el balón firmado por las jugadoras. Más allá del registro deportivo, la fotografía conserva un momento de orgullo colectivo, celebración y reconocimiento para un grupo de mujeres que construyó su lugar en el fútbol desde el esfuerzo compartido.",https://drive.google.com/file/d/1XI4Jk1NoLXDDUblXn9p04RNp_vv7YlDC/view?usp=sharing
Scrp-F-44,Jugadoras de Scorpions en Cartagena de Indias – momento recreativo durante torneo,Jugadoras de Scorpions en Cartagena de Indias – momento recreativo durante torneo,2006,"La imagen muestra a un grupo de jugadoras de Scorpions compartiendo un momento en la playa durante un viaje a Cartagena de Indias. En el centro de la composición aparece escrito sobre la arena: “Recuerdos de Coqueta Oct. 14/10”, una intervención espontánea que convierte la fotografía en una memoria emocional y colectiva del equipo.",https://drive.google.com/file/d/1bqa2URLrz16QTyS7aeVyI0eR8TT9kd-F/view?usp=sharing
Scrp-F-45,Más allá de la cancha: juventudes que encontraron comunidad en el fútbol,Jugadoras de Scorpions en Cartagena de Indias – viaje de integración del equipo,2006,"La imagen muestra a un grupo de jugadoras de Scorpions compartiendo un momento de integración en la playa durante un viaje a Cartagena de Indias. Las dos fotografías capturan un espacio de descanso y convivencia fuera de la competencia, donde el equipo aparece desde una dimensión más humana y cotidiana.",https://drive.google.com/file/d/1FFZz7UGapWDQ069UoKHpH28zZcs838ea/view?usp=sharing
Scrp-F-46,Llegar más lejos: ocupar el espacio y hacerse visibles,Equipo femenino Scorpions en torneo patrocinado por Gatorade,2007,"La imagen muestra al equipo femenino de Scorpions posando antes de un encuentro deportivo junto a una valla publicitaria con el mensaje “Con Gatorade llegas más lejos”. La fotografía registra un momento de presentación oficial del equipo dentro de un torneo organizado, acompañado por árbitros y elementos de patrocinio deportivo.",https://drive.google.com/file/d/1NGMWiME2wvEYkj6m2PY-hZAY7AO_5Zvo/view?usp=sharing
Scrp-F-47,Una medalla para hacerse visible,Jugadora de Scorpions con medalla en torneo deportivo,2019,"La imagen muestra a una jugadora de Scorpions posando con una medalla al finalizar un torneo, sosteniendo un balón y vistiendo el uniforme del equipo frente al panel oficial del evento. La fotografía captura un momento de reconocimiento individual dentro de un proceso construido colectivamente a través del entrenamiento, la competencia y la permanencia en el fútbol.",https://drive.google.com/file/d/1ee2J1ijMkYLr45b39xsWrXJFhqWHw-fF/view?usp=sharing
Scrp-F-48,Retrato de jugadoras juveniles en proceso de formación deportiva,Jugadoras juveniles vinculadas a procesos formativos de Scorpions,2018,"La fotografía muestra a tres jóvenes futbolistas posando frente a una portería en una cancha de fútbol, utilizando uniforme deportivo asociado a procesos vinculados con Scorpions. La imagen tiene características de retrato institucional o promocional y destaca a las jugadoras de manera individual y colectiva dentro de un contexto deportivo amateur y formativo.",https://drive.google.com/file/d/1u30uzMMGCD6GmTE1zzkVvTvJZxSIBOhv/view?usp=share_link
Scrp-F-49,"Un carnet, una jugadora, una historia que sí merece ser recordada",Carnet oficial de participación – Laura Camila Tenjo Navarrete / Copa Futuro Talento,2019,"La imagen corresponde al carnet oficial de participación de Laura Camila Tenjo Navarrete como jugadora de Scorpions en la “Copa Futuro Talento”, organizada por Soccer Melgar. El documento registra información básica de identificación deportiva como categoría, equipo, ciudad y directora técnica, funcionando como evidencia material de su presencia dentro de una competencia oficial.",https://drive.google.com/file/d/1MgWRjVfYnpDH3GvAiINF-uvtRUfE3p66/view?usp=sharing
Scrp-F-50,Jugadores y jugadoras de Scorpions reunidos durante torneo,Fotografía grupal de integrantes juveniles de Scorpions en jornada competitiva,2021,"La fotografía muestra a un grupo de jóvenes jugadores y jugadoras de Scorpions reunidos en una cancha durante una jornada deportiva. Los integrantes del equipo visten el uniforme morado y amarillo característico del club y posan juntos frente a la cámara en un ambiente relajado y espontáneo. En el centro de la imagen destaca un jugador utilizando muletas, rodeado por sus compañeros y compañeras.",https://drive.google.com/file/d/1KtBT7NyeAq6clmKJ9xIlwbLIhkSrDFrk/view?usp=sharing
Scrp-F-51,Cruzar fronteras para representar un sueño colectivo,Itinerario de viaje internacional y delegación colombiana en torneo deportivo,2001,La imagen reúne un itinerario aéreo internacional de Continental Airlines y una fotografía de un grupo representando a Colombia durante un evento deportivo. Ambos elementos construyen un registro del desplazamiento y de la experiencia internacional vivida alrededor del fútbol formativo y femenino.,pagina56.jpeg
Scrp-F-52,"La imagen reúne dos momentos de un viaje internacional relacionado con el proceso deportivo de Scorpions. En la parte superior aparece una jugadora junto a un integrante del cuerpo técnico durante un trayecto en transporte, mientras que en la inferior se observa a un grupo de jóvenes recorriendo espacios urbanos durante la experiencia del viaje.",,2001,"La imagen reúne dos momentos de un viaje internacional relacionado con el proceso deportivo de Scorpions. En la parte superior aparece una jugadora junto a un integrante del cuerpo técnico durante un trayecto en transporte, mientras que en la inferior se observa a un grupo de jóvenes recorriendo espacios urbanos durante la experiencia del viaje.",https://drive.google.com/file/d/1z3aJ6-01HJgC4OulChZo5AXikRtGAyPy/view?usp=share_link
Scrp-F-53,Viaje grupal junto a las Cataratas del Niágara,Registro de viaje internacional de integrantes vinculados a Scorpions,2001,"Las fotografías muestran a un pequeño grupo de jóvenes y adultos durante un viaje frente a las Cataratas del Niágara, en un espacio turístico y recreativo al aire libre. En la primera imagen, los integrantes posan sentados observando el paisaje y el puente visible al fondo; en la segunda, aparecen visitantes cerca del borde de las cataratas mientras el agua domina la escena.",https://drive.google.com/file/d/1JMXx57owdBBwR4SWYRJ_66LlxYBbRGXk/view?usp=sharing
Scrp-F-54,Cuando una goleadora también se convierte en referente,,2019,,https://drive.google.com/file/d/1UlVRMSMo4B4dPkWHK7wvZnURpMqtniUu/view?usp=sharing
Scrp-F-55,Seguir llegando: nuevas generaciones que sostienen la historia,Equipo femenino Scorpions subcampeón – Liga Apertura DBS 2023,2023,"La imagen muestra al equipo femenino de Scorpions posando como subcampeón de la Liga Apertura 2023 en el Complejo Deportivo DBS. El registro reúne a jugadoras de distintas edades junto al cuerpo técnico, evidenciando la continuidad y permanencia del proyecto femenino dentro de la escuela.",https://drive.google.com/file/d/16ng16Bc0hySQ3vOKaNUraE2fBAT4Sddu/view?usp=sharing
Scrp-F-56,Jugar sin pedir permiso,Jugadora de Scorpions en acción durante partido oficial,2025,"La imagen captura a una jugadora de Scorpions en plena acción durante un partido, disputando el balón en un momento de velocidad e intensidad competitiva. La fotografía congela un instante donde el cuerpo, el movimiento y la decisión se convierten en protagonistas, alejándose de las representaciones pasivas que históricamente han marcado la imagen de las mujeres en el deporte.",https://drive.google.com/file/d/1LhrE4NELTEe8YBQbRelHncDXrGAgfBmG/view?usp=share_link
Scrp-F-57,Subcampeones: una generación en construcción,Equipo juvenil mixto de Scorpions durante la Liga Apertura DBS 2022,2022," La fotografía muestra al equipo juvenil de Scorpions posando después de obtener el subcampeonato de la Liga Apertura DBS 2022. La imagen reúne jugadores, jugadoras y cuerpo técnico alrededor de una misma camiseta y un mismo proyecto deportivo, evidenciando el carácter formativo y comunitario de la escuela.",https://drive.google.com/file/d/1x5Q0hle-JHbFE9AqQD6JvKIg7ZHpEnP7/view?usp=sharing
Scrp-F-58,Primeros pasos en Scorpions,Equipo infantil de Scorpions durante la Copa Soccer Melgar,2022,"La fotografía retrata a un grupo infantil de Scorpions participando en el XVII Torneo Nacional de Fútbol Infantil “Copa Soccer Melgar”. La imagen reúne niños, niñas y entrenador frente al arco, usando el uniforme oficial del club y posando como equipo después de competir en el torneo.",https://drive.google.com/file/d/1-YfIAf8BDaNrbS0Ew49HPupNXWNSV0dQ/view?usp=sharing
Scrp-F-59,Somos subcampeones,Equipo juvenil de Scorpions celebrando el subcampeonato de la Liga Apertura DBS,2022,"La fotografía muestra al equipo juvenil de Scorpions reunido después de obtener el subcampeonato de la Liga Apertura DBS 2022. Los jugadores, jugadoras y entrenadores posan con medallas y trofeo frente al banner oficial del torneo, celebrando uno de los logros competitivos de esa generación.",https://drive.google.com/file/d/1B11nRVyYSXfQRgenGNQB35c2WT0foIhX/view?usp=sharing
Scrp-F-60,Scorpions Liga Clausura 2022,Equipo juvenil de Scorpions durante la Liga Clausura DBS 2022,2022,"La fotografía muestra a un equipo juvenil de Scorpions posando antes o después de un encuentro correspondiente a la Liga Clausura DBS 2022. La imagen reúne jugadores, jugadoras y entrenadores en una formación tradicional de equipo, usando el uniforme oficial morado y dorado del club.",https://drive.google.com/file/d/12jl4KR79s7ILVHTHPZ9DR_blg_16DS9q/view?usp=sharing
Scrp-F-61,Partido de barrio,Jugadoras disputando un partido en cancha urbana,2000,"La fotografía captura un momento de juego durante un partido disputado en una cancha urbana rodeada de edificios residenciales. Aunque la imagen tiene baja resolución y movimiento, permite ver a varias jugadoras en plena acción frente al arco, registrando una escena cotidiana del fútbol amateur femenino en Bogotá.",https://drive.google.com/file/d/1MvJxrGp36F9q5f3AlEyd5CDDE4Se7EQ4/view?usp=sharing
Scrp-F-62,Scorpions Subcampeones – Liga Apertura 2022,Equipo juvenil mixto de Scorpions durante la Liga Apertura DBS,2022,"La fotografía registra al equipo juvenil mixto de Scorpions tras obtener el subcampeonato de la Liga Apertura DBS 2022. Jugadores, jugadoras y cuerpo técnico posan con el uniforme oficial del club frente al banner del torneo, consolidando una imagen colectiva que representa el cierre de una temporada competitiva.",https://drive.google.com/file/d/1tvKFf3cbksPDM46ihBC-q0-tP-yOccP1/view?usp=sharing
Scrp-F-63,Scorpions Femenino – Subcampeonas Liga Apertura 2023,Equipo femenino de Scorpions durante la Liga Apertura DBS,2023,"La fotografía muestra al equipo femenino de Scorpions después de obtener el subcampeonato de la Liga Apertura DBS 2023. Las jugadoras posan junto al entrenador frente al banner oficial del torneo, usando el uniforme morado y dorado que identifica al club en competencias recientes.",https://drive.google.com/file/d/1tBuRUBhhCAUTW-iepGiWK6IgOnTJ7xSM/view?usp=sharing
Scrp-F-64,Nueva generación Scorpions,Equipo infantil de Scorpions durante la Copa Soccer Melgar,2025,"La fotografía muestra a una categoría infantil de Scorpions durante el XIX Torneo Nacional “Copa Soccer Melgar”, realizado en 2025. Niños, niñas y entrenadores posan frente al arco usando el uniforme celeste del club, en una imagen oficial tomada como parte del torneo.",https://drive.google.com/file/d/17dfRveGb-V-SJ_i5jlWgMOaZ-LB-GQlT/view?usp=sharing
Scrp-F-65,Scorpions campeones categoría Sub-16,Celebración del campeonato de Scorpions en el Torneo Clausura Interescuelas Maracana,2019,"La fotografía registra a jugadores, jugadoras y entrenadores de Scorpions celebrando el campeonato de la categoría Sub-16 en el Torneo Clausura Interescuelas Maracana de 2019. El equipo posa junto al trofeo y las medallas frente al escenario oficial de premiación, utilizando el uniforme blanco y celeste del club.",https://drive.google.com/file/d/1RebBVvV3iesDIh9E48qbacv0pVWJRT0L/view?usp=sharing
Scrp-F-66,Proceso formativo infantil de Scorpions,Entrenador y jugadores infantiles de Scorpions en el DBS Complejo Deportivo,2022,"La fotografía muestra a un grupo de niños pertenecientes al proceso formativo infantil de Scorpions junto a uno de sus entrenadores en las canchas del DBS Complejo Deportivo durante 2022. Los jugadores posan frente al arco utilizando los uniformes gris, amarillo y morado característicos del club, en una imagen que representa las etapas iniciales de formación deportiva dentro de la escuela",https://drive.google.com/file/d/1uPsV4ZZG8q5SzAwF5Dp2-MzGhHMJV6qe/view?usp=sharing
Scrp-F-67,Equipo femenino Scorpions – Torneo Maracana 2017,Plantilla del equipo femenino de Scorpions durante el Torneo Femenino de Fútbol Maracana,2017,La fotografía registra al equipo femenino de Scorpions durante su participación en el Torneo Femenino de Fútbol organizado por el Club Social y Deportivo Maracana en 2017. Las jugadoras posan junto al entrenador frente al arco de la cancha utilizando el uniforme azul oscuro y rosado representativo del club en esa temporada.,https://drive.google.com/file/d/1F0MZkglQw5w23huExsVg8KrypyDAJZwy/view?usp=sharing
Scrp-F-68,Scorpions campeonas del Torneo Clausura Femenino 2014,Equipo femenino de Scorpions campeón del Torneo Clausura en el Club Social y Deportivo Maracana,2014,La fotografía registra al equipo femenino de la Escuela de Fútbol Scorpions celebrando el campeonato del Torneo Clausura Femenino organizado por el Club Social y Deportivo Maracana en 2014. Las jugadoras posan junto al cuerpo técnico frente al arco de la cancha utilizando el uniforme azul oscuro con detalles dorados característico del club durante esa etapa.,https://drive.google.com/file/d/1fIecBGqoLtSIa2x0ugy3YcYMEJWsKYqG/view?usp=sharing
Scrp-F-69,Celebración del campeonato femenino de Scorpions,Equipo femenino de Scorpions celebrando el título del Torneo Clausura Maracana,2014,"La fotografía registra al equipo femenino de la Escuela de Fútbol Scorpions durante la celebración del campeonato obtenido en el Torneo Clausura Femenino 2014 del Club Social y Deportivo Maracana. Las jugadoras aparecen acompañadas por entrenadores, familiares y personas cercanas al proceso deportivo, posando alrededor del trofeo y las medallas obtenidas tras el torneo.",https://drive.google.com/file/d/1qM2QtQKX2xakI5ExvQkU2MfgzsnIH3kg/view?usp=sharing
Scrp-F-70,Jugadoras de Scorpions con uniforme del  primer patrocionio,Retrato grupal de futbolistas del equipo femenino de Scorpions,2021,"La fotografía muestra a cuatro jugadoras del equipo femenino de Scorpions posando sobre una cancha de césped antes o después de una jornada deportiva. Las futbolistas visten uno de los uniformes más recientes del club, en tonos morado y dorado, con patrocinadores y elementos gráficos que reflejan una identidad visual más contemporánea y consolidada.",https://drive.google.com/file/d/1pt9ccodIdrQXZcXIQu8Ez-gaIZ_PGFTh/view?usp=share_link
Scrp-F-71,Scorpions campeonas del Clausura femenino 2014,Equipo femenino de Scorpions celebrando el campeonato en el Club Social y Deportivo Maracana,2014,,
Scrp-F-72,Scorpions campeonas – categoría femenina 2021,Equipo femenino de Scorpions campeón del Torneo de Apertura DBS Complejo Deportivo,2021,"La fotografía registra al equipo femenino de Scorpions durante la celebración del campeonato obtenido en el Torneo de Apertura 2021 del DBS Complejo Deportivo. Las jugadoras posan junto al cuerpo técnico frente al arco de la cancha utilizando el uniforme blanco y rojo del club, mientras el banner de “Campeonas” destaca el logro alcanzado por el equipo en la categoría femenina.",https://drive.google.com/file/d/1iqcMJHen3orNwzOjksSbwSQUOtPo4Sfu/view?usp=sharing
Scrp-F-73,Camisetas y objetos conmemorativos de Scorpions e Inter de Zamora,Objetos y camisetas exhibidas en espacio de memoria del club,2020,"La fotografía muestra un pequeño espacio doméstico de exhibición compuesto por camisetas, objetos decorativos, dibujos y recuerdos asociados al club Scorpions. Entre los elementos más destacados aparece una camiseta azul producto de la colaboración entre Scorpions e Inter de Zamora, junto a otra camiseta negra de la escuela de fútbol Scorpions.",https://drive.google.com/file/d/1hjJMDvB9nX5IlI5zU0gq3vrKyQ957pHQ/view?usp=drive_link
Scrp-F-74,Equipo prejuvenil Scorpions en torneo interescuelas,Equipo prejuvenil masculino de Scorpions posando antes del torneo,2014,"La fotografía muestra al equipo prejuvenil masculino de Scorpions durante el “Torneo Interescuelas Apertura 2014”, organizado por el Club Social y Deportivo Maracaná. El grupo aparece uniformado con camisetas azul oscuro y detalles dorados, acompañado por integrantes del cuerpo técnico y reunido en una formación clásica de foto de equipo antes o durante la competencia.",https://drive.google.com/file/d/1IyxAOLexWbJJqgp75Sa-JbdCqdpqusA0/view?usp=sharing
Scrp-F-75,Visita grupal de Scorpions a la Basílica de Buga,Integrantes de Scorpions durante salida grupal y visita religiosa,2019,"La fotografía registra a un grupo amplio de integrantes de Scorpions durante una visita a la Basílica del Señor de los Milagros de Buga, realizada el 12 de diciembre de 2019. En la imagen aparecen jugadores, jugadoras, entrenadores y acompañantes posando frente a la basílica con camisetas conmemorativas del club.",https://drive.google.com/file/d/1vqKthmbI2EolAhKb3FkPEDx2pZxZxCGF/view?usp=sharing
Scrp-F-76,Equipo femenino del Club Deportivo La Gaitana x Scorpions en torneo interescuelas,Equipo femenino juvenil del Club Deportivo La Gaitana x Scorpions  durante torneo en Maracaná,2016,"La fotografía muestra al equipo femenino del Club Deportivo La Gaitana durante el “Torneo Interescuelas Femenino 2016”, organizado por el Club Social y Deportivo Maracaná. El grupo aparece uniformado con camisetas amarillas y negras, acompañado por entrenadores y personal de apoyo, posando de manera formal para el registro del campeonato donde obtuvieron el cuarto puesto.",https://drive.google.com/file/d/1TVLhM1uCsWA06B9cmmVXBa4-h-KwrVdY/view?usp=sharing
Scrp-F-77,Jugadora de Scorpions disputando el balón durante un partido,Acción de juego en partido femenino amateur de Scorpions,2026,"La fotografía captura un momento de juego durante un partido femenino amateur, en el que una jugadora de Scorpions intenta controlar el balón mientras es presionada por dos rivales del equipo contrario. La escena transmite dinamismo y cercanía física, elementos característicos de la intensidad competitiva presente en los torneos aficionados.",https://drive.google.com/file/d/1uQcpnFq66HHZx-15bvkKKpKzXmbQUO5P/view?usp=sharing
Scrp-F-78,Regate al arco durante partido femenino de Scorpions,Jugadora de Scorpions ejecutando una jugada ofensiva en competencia amateur,2026,Jugadora de Scorpions ejecutando una jugada ofensiva en competencia amateur,https://drive.google.com/file/d/1FrrhRzShlHcVxF7TF_yZlGur5zvZEoLD/view?usp=sharing
Scrp-F-79,Entrenamiento y ronda de balón del equipo femenino,Jugadoras de Scorpions durante práctica colectiva en cancha abierta,2010,"La fotografía muestra a un grupo de jugadoras de Scorpions realizando una actividad de entrenamiento en una cancha abierta de césped. Las deportistas aparecen distribuidas en círculo mientras participan en una dinámica de control y circulación del balón, utilizando el uniforme azul claro característico del club durante ese periodo.",https://drive.google.com/file/d/1aaDzDn6Zg5T2kXWipe98zg_VGnyOSXSk/view?usp=sharing
Scrp-F-80,Jugadora durante sesión de entrenamiento en cancha abierta,Práctica deportiva de jugadoras de Scorpions en espacio de entrenamiento,2026,"La fotografía muestra a una jugadora de Scorpions durante una sesión de entrenamiento o partido informal en una cancha abierta de césped. La deportista aparece observando el desarrollo de la jugada mientras otra participante se encuentra al fondo cerca del balón, en un entorno natural y amplio que resalta el espacio comunitario donde se desarrollan las actividades del club.
",https://drive.google.com/file/d/1jKFrF7ctS7Z_LKbkr73Am950DwJgg2DV/view?usp=sharing
Scrp-F-81,Jugadoras de Scorpions previo al partido con uniformes personalizados,Integrantes del equipo femenino de Scorpions reunidas antes de un encuentro deportivo,2006,"La fotografía muestra a un grupo de jugadoras del equipo femenino de Scorpions reunidas en una cancha de césped antes o durante una jornada deportiva. La imagen está tomada desde atrás, permitiendo observar los números y nombres personalizados en las camisetas de las futbolistas, mientras una de ellas permanece sentada en el suelo en primer plano.",https://drive.google.com/file/d/1d1HRsm2Of52FvPQX72D-6Sy94wFSkstT/view?usp=sharing
Scrp-F-82,Jugadora destacada de Scorpions reconocida como ‘Jugadora del Partido’,Retrato individual de jugadora del equipo femenino de Scorpions sosteniendo reconocimiento deportivo,2026,"La fotografía retrata a una jugadora del equipo femenino de Scorpions vistiendo el uniforme celeste del club mientras sostiene una tarjeta de reconocimiento como “Jugadora del Partido” otorgada por la Liga F8. La imagen fue tomada frente a un elemento gráfico institucional relacionado con la competencia, reforzando el contexto deportivo y el carácter oficial del reconocimiento.",https://drive.google.com/file/d/1lojRnD30qIvqYguOI1uWzPC2YD9ot-yi/view?usp=sharing
Scrp-F-83,Jugadoras de Scorpions disputando el balón durante un partido,Acción de juego del equipo femenino de Scorpions en competencia amateur,2026,"La fotografía captura un momento de intensidad competitiva durante un partido del equipo femenino de Scorpions. En la imagen se observa a dos jugadoras con el uniforme celeste del club disputando el balón frente a una rival vestida de rojo que realiza una barrida defensiva sobre el césped. La escena transmite dinamismo, velocidad y contacto físico, elementos pocas veces representados históricamente en los registros del fútbol femenino amateur.",https://drive.google.com/file/d/1xdi74qfMmJrUjZLvkjkTRZkDBJl2u-Jn/view?usp=sharing
Scrp-F-84,Jugadoras de Scorpions compartiendo fuera del entorno deportivo,Encuentro social entre integrantes del equipo femenino de Scorpions,2007,"La fotografía muestra a cuatro jóvenes compartiendo un momento social y recreativo fuera de la cancha mientras posan sonriendo frente a la cámara con bebidas en las manos. Aunque la imagen no corresponde directamente a un partido o entrenamiento, hace parte de las dinámicas de convivencia y amistad construidas alrededor del equipo femenino de Scorpions.",https://drive.google.com/file/d/1ricX-WtpotgmrcoEThO71Pih_K2TxwS7/view?usp=sharing
Scrp-F-85,Equipo femenino de Scorpions durante premiación en torneo,Jugadoras y cuerpo técnico de Scorpions en ceremonia de reconocimiento deportivo,2008,"La fotografía muestra a integrantes del equipo femenino de Scorpions reunidas durante una ceremonia de premiación o cierre de torneo en un espacio cubierto patrocinado por Gatorade. Las jugadoras aparecen vistiendo uniforme negro con detalles rojos y portando medallas, mientras algunas sostienen bebidas deportivas y una de ellas exhibe un trofeo obtenido durante la competencia. También se observa la presencia de entrenadores y acompañantes vinculados al equipo.",https://drive.google.com/file/d/1KCulWbGSxWw9hoKkfjQtdbfyJKwqRujw/view?usp=sharing
Scrp-F-86,Equipo femenino de Scorpions posando antes de un encuentro deportivo,Retrato grupal del equipo femenino juvenil de Scorpions,2006,"La fotografía muestra a un equipo femenino juvenil de Scorpions posando en una cancha de fútbol antes o después de un encuentro deportivo. Las jugadoras aparecen usando uniforme blanco y rojo, acompañadas por un entrenador o coordinador del club. Al fondo se observan graderías desgastadas de color amarillo y verde, elementos que sitúan la imagen dentro de un escenario deportivo comunitario y amateur.",https://drive.google.com/file/d/1RlW21JRv8QK6KX1TQVB1Yl7Kk45nN2a6/view?usp=sharing
Scrp-F-87,Equipo femenino juvenil de Scorpions en cancha de torneo,Fotografía grupal de jugadoras y entrenador del equipo femenino de Scorpions,2007,"La fotografía muestra a un grupo de jugadoras jóvenes del equipo femenino de Scorpions posando en una cancha de fútbol junto a su entrenador antes o después de un encuentro deportivo. Las futbolistas visten uniforme blanco y rojo, mientras al fondo se observan graderías pintadas en tonos amarillo y verde que ayudan a contextualizar el espacio deportivo donde se desarrolló el torneo o jornada competitiva.",https://drive.google.com/file/d/1_QXXrxGdwSpSRVstSnosRFq9Vu8T1XXb/view?usp=sharing
Scrp-F-88,Delegación de Scorpions durante premiación de torneo,"Jugadores, jugadoras y cuerpo técnico de Scorpions en ceremonia de reconocimiento deportivo",2022,"La fotografía muestra a integrantes de distintas categorías de Scorpions reunidos sobre una tarima durante una ceremonia de premiación o clausura de torneo. Los deportistas visten el uniforme morado y amarillo característico del club y portan medallas obtenidas durante la competencia, mientras en primer plano se observa una bandera institucional de Scorpions y un trofeo sostenido por algunos de los jugadores.",https://drive.google.com/file/d/1vZ0jnBvz0x8dO8fZFnxnDksbuxyowXoM/view?usp=sharing
Scrp-F-89,Carnets deportivos de jugadores y jugadoras de Scorpions – Clausura 2025,,2025,Registro documental de identificación deportiva de integrantes de Scorpions,https://drive.google.com/file/d/1b3PLoUz0cEMAf8f2LwoHROI6Re9msstg/view?usp=sharing
Scrp-F-90,Collage de equipos juveniles y femeninos de Scorpions,Composición fotográfica de distintas categorías y procesos formativos del club,2022,"La imagen reúne varias fotografías de integrantes de Scorpions pertenecientes a diferentes categorías juveniles y femeninas. En el collage aparecen grupos reducidos de jugadores y jugadoras posando con el uniforme morado y dorado del club, así como equipos completos acompañados por entrenadores y miembros del cuerpo técnico en una cancha al aire libre.",
Scrp-F-91,Camila y su llegada al fútbol internacional,Jugadora formada en Scorpions vinculada a club en el exterior,2019,"La imagen muestra a Camila posando con la camiseta número 23 de un club internacional frente al escudo de la institución deportiva a la que se integró. La fotografía fue compartida por medios y cuentas dedicadas al fútbol femenino colombiano, resaltando su proceso como jugadora en el exterior y reconociendo el recorrido deportivo construido desde etapas formativas anteriores.",
Scrp-F-92,Cierre de temporada y celebración deportiva de Scorpions,Equipo juvenil de Scorpions celebrando campeonato o cierre competitivo,2021,"La fotografía muestra a un equipo juvenil de Scorpions posando con medallas y trofeos luego de una competencia organizada por el Club Social y Deportivo Maracaná. La imagen fue publicada en redes sociales de la fundación acompañada del mensaje “¡Culminamos el año con una victoria más!”, destacando el cierre exitoso de la temporada deportiva.",https://drive.google.com/file/d/1NpiZAHsM6wrX-xGd5MPwv4vrpJnME2mF/view?usp=share_link
Scrp-F-93,Scorpions categoría 2006 campeones del torneo DBS,Celebración de campeonato juvenil categoría 2006 de Scorpions,2021,"La imagen muestra al equipo juvenil categoría 2006 de Scorpions durante la premiación de un torneo organizado por DBS Colegio Bilingüe, acompañada del mensaje “Una vez más ¡Campeones!”. Los jugadores y jugadoras aparecen portando medallas y posando junto al trofeo, vistiendo el uniforme morado y dorado característico de la fundación.",https://drive.google.com/file/d/16O6XgyhvxIPCUx7aAX812oCNql0_4TiX/view?usp=share_link
Scrp-F-94,Equipo femenino de Scorpions obtiene tercer lugar en campeonato Maracaná,Premiación y reconocimiento al equipo femenino de Scorpions,2021,"La fotografía muestra al equipo femenino de Scorpions durante la premiación del campeonato organizado por el Club Social y Deportivo Maracaná, donde obtuvieron el tercer lugar. Las jugadoras aparecen posando junto al trofeo y las medallas, vistiendo el uniforme institucional morado y dorado de la fundación. La imagen fue difundida en redes sociales acompañada de un mensaje de felicitación, resaltando el logro colectivo del equipo.",https://drive.google.com/file/d/1usIsqP4E7Tue6zVpTWEsli0Lo8Gw8vlq/view?usp=share_link
Scrp-F-95,Celebración del campeonato juvenil de Scorpions en torneo DBS,Celebración colectiva de campeonato de Scorpions,2020,"La fotografía registra el momento de celebración del equipo juvenil de Scorpions luego de obtener el campeonato en un torneo organizado por DBS Complejo Deportivo. Los jugadores y jugadoras aparecen levantando el trofeo y celebrando sobre la tarima de premiación, mientras al frente se observa el letrero “Somos Campeones”. La escena transmite un ambiente de alegría colectiva y reconocimiento al esfuerzo deportivo realizado durante el torneo.",https://drive.google.com/file/d/15WX4bf-QIpyeQWUD-nFezVM7OuLVwV3A/view?usp=share_link
Scrp-F-96,Retrato de jugadora formada en procesos de Scorpions,Retrato individual de jugadora juvenil de Scorpions,2018,"La fotografía muestra a una jugadora juvenil posando frente a una cancha de fútbol y una portería, vistiendo uniforme deportivo asociado a procesos vinculados con Scorpions. La imagen tiene características propias de un retrato institucional o promocional utilizado para destacar la trayectoria y participación de jugadoras dentro de los procesos formativos del club.",https://drive.google.com/file/d/1Rm1n_Fe06J7kAMeu8KiOVBapF7Hz05Em/view?usp=share_link
Scrp-F-97,Jugadoras vinculadas a proceso internacional en España,Encuentro institucional de jugadoras formadas en Scorpions con club español,2019,La fotografía muestra a dos jóvenes futbolistas acompañadas por directivos y representantes deportivos frente al escudo del club español Rafelbunyol C.F. La imagen parece registrar un encuentro institucional relacionado con procesos de formación o vinculación internacional de jugadoras provenientes de Scorpions hacia el fútbol en España.,https://drive.google.com/file/d/1JgOhHIJrkCBC-Yo9IoOZ8nNX65Eelo_X/view?usp=share_link
Scrp-F-98,Viaje internacional de jugadoras vinculadas a Scorpions,Jugadoras de Scorpions en aeropuerto previo a experiencia internacional,2019,"La fotografía muestra a tres jóvenes jugadoras posando en un aeropuerto antes de un viaje relacionado con procesos deportivos internacionales vinculados a Scorpions. Las deportistas utilizan camisetas negras con el símbolo del escorpión, elemento gráfico asociado a la identidad visual de la fundación, lo que refuerza el sentido de pertenencia y representación colectiva incluso fuera de la cancha.",https://drive.google.com/file/d/1yKJdOrdLwfeDJ5Ml-4CDMODBnYDu5fFY/view?usp=share_link
Scrp-F-99,Equipo femenino Scorpions previo a encuentro deportivo,Equipo femenino juvenil de Scorpions posando en cancha,2018,"La imagen muestra a un equipo femenino juvenil de Scorpions reunido en una cancha de fútbol junto a miembros del cuerpo técnico antes de un encuentro deportivo. Las jugadoras visten uniformes blancos y azules, formando una alineación grupal característica de los registros previos a los partidos y torneos. El paisaje abierto y montañoso del fondo sitúa la escena en un entorno deportivo comunitario y recreativo, frecuente en los procesos formativos del fútbol amateur en Colombia.",https://drive.google.com/file/d/1OAuj5HLamLF1OYQ6uxJQynLllfONPFEv/view?usp=share_link
Scrp-F-100,Jugadora formada en Scorpions durante experiencia internacional en España,Jugadora vinculada a Scorpions posando con balón en espacio urbano europeo,2019,"La fotografía muestra a una joven jugadora vinculada a Scorpions posando con un balón de fútbol en una calle residencial durante su experiencia deportiva en España. La deportista viste indumentaria asociada al club español en el que participaba, mientras mantiene elementos visuales relacionados con su proceso formativo previo. La escena combina el contexto urbano europeo con la identidad futbolística de la jugadora, registrando un momento de transición y crecimiento personal dentro de su trayectoria deportiva.",https://drive.google.com/file/d/1dao2VVB-T-1TEgT-lJT_mgl_9nTVC6GB/view?usp=share_link
Scrp-F-101,Reconocimiento a jugadora destacada del equipo femenino,Pieza gráfica de reconocimiento deportivo a Laura Bedoya,2021,"La imagen corresponde a una pieza gráfica digital elaborada por Scorpions para reconocer a Laura Bedoya como “jugadora destacada” en un torneo organizado en Maracaná. La composición incluye elementos característicos de la comunicación visual deportiva contemporánea: el escudo del club, logotipos de patrocinadores, tipografía de gran formato y una representación estilizada de un estadio de fútbol como fondo. La jugadora aparece vistiendo el uniforme del equipo y posando al centro de la imagen, reforzando su protagonismo dentro del reconocimiento institucional.",https://drive.google.com/file/d/12Gzr8jffTVcbnR88ecsZ7vP34J4JbJQy/view?usp=share_link
Scrp-F-102,Reconocimiento a jugadoras destacadas en torneo femenino,Pieza gráfica de reconocimiento a Sofi Doncel y Sofi Cortés,2020,"La imagen corresponde a una publicación gráfica realizada por Scorpions para destacar el desempeño de Sofi Doncel y Sofi Cortés durante un torneo femenino organizado en Macabeo. El diseño utiliza recursos visuales propios de la comunicación deportiva digital, incluyendo un fondo de estadio, el escudo del club, patrocinadores y tipografía de gran formato que enfatiza el reconocimiento otorgado a las jugadoras. Ambas deportistas aparecen al centro de la composición, representando diferentes momentos y estilos de presentación vinculados a sus trayectorias deportivas.",https://drive.google.com/file/d/1c0J4UpEEs_XyM71ZlUgapTFKEflncrxW/view?usp=share_link
Scrp-F-103,Pieza gráfica de programación de entrenamientos Scorpions,Publicación digital con horarios de entrenamiento y representación juvenil del club,2021,"La imagen corresponde a una pieza gráfica digital utilizada por Scorpions para difundir la programación de entrenamientos de distintas categorías del club. El diseño incluye horarios, fechas y ubicación de las sesiones deportivas, acompañados por fotografías de dos jóvenes deportistas vistiendo uniformes institucionales. También aparecen logotipos de patrocinadores y referencias a alianzas internacionales, particularmente una mención a vínculos deportivos en España.",https://drive.google.com/file/d/1YQqTwwHVowYUQjBDJLHhVauGrBmvl3UK/view?usp=share_link
Scrp-F-104,Reconocimiento colectivo a categoría preinfantil,Pieza gráfica de reconocimiento al equipo preinfantil en torneo DBS,2023,"La imagen corresponde a una publicación digital realizada por Scorpions para reconocer el desempeño de su categoría preinfantil durante el torneo DBS. A diferencia de otros reconocimientos centrados en figuras individuales, esta pieza destaca explícitamente a “todo el equipo”, enfatizando el valor del trabajo colectivo y la formación grupal dentro de los procesos deportivos del club. Los niños y niñas aparecen posando juntos con el uniforme institucional frente a un fondo gráfico de estadio, acompañado por logotipos del club y patrocinadores.",https://drive.google.com/file/d/14h8Z1adFVSZuaFyAOjYqNqaiZQmtuK9E/view?usp=share_link
Scrp-F-105,"
Jugadora de Scorpions durante la Copa Soccer Melgar","
Participación de jugadora en campeonato nacional infantil en Melgar",2021,"La imagen muestra a una jugadora de Scorpions durante un partido correspondiente al Campeonato Nacional de Fútbol Infantil “Copa Soccer Melgar”, realizado en Melgar, Tolima, entre el 12 y el 15 de agosto de 2022. La fotografía captura a la deportista de espaldas, usando el uniforme gris alternativo del club con el número 10, mientras permanece dentro del terreno de juego en un momento de pausa o lectura táctica del partido.",https://drive.google.com/file/d/1qSLlt78SBqjOkl1KubM0cthC2OKrdQdc/view?usp=share_link
Scrp-F-106,Jugadora de Scorpions en España durante periodo de adaptación deportiva,Vida cotidiana y experiencia internacional de jugadora Scorpions,2020,"La fotografía muestra a una jugadora vinculada al proceso internacional de Scorpions en España, caminando por una calle residencial mientras sostiene un balón de fútbol y viste la indumentaria deportiva del club aliado. La imagen fue tomada durante el periodo de adaptación de las jugadoras colombianas en territorio español, probablemente en el contexto de entrenamientos o actividades relacionadas con su proceso formativo y competitivo.",https://drive.google.com/file/d/148UknJ6jnavxmvIIjV29IBrCPWuy4SsJ/view?usp=share_link
Scrp-F-107,Viaje del equipo en transporte rumbo a competencia en brasil,Desplazamiento de jugadores y jugadoras Scorpions,2016,"La imagen muestra a integrantes de Scorpions durante un viaje en transporte colectivo, probablemente rumbo a un torneo, partido o actividad deportiva fuera de su lugar habitual de entrenamiento. En la fotografía se observan varios jugadores y jugadoras sentados dentro de una van, acompañados por una adulta vinculada al proceso del equipo. Algunos integrantes llevan prendas deportivas amarillas asociadas al club, mientras otros utilizan ropa de abrigo debido a las condiciones climáticas del trayecto.",https://drive.google.com/file/d/1OhM--N3KZwd8ZJjFmR6kb75ahWcKuDTs/view?usp=share_link
Scrp-F-108,Equipo mixto Scorpions posando antes de un partido,Equipo juvenil mixto Scorpions en jornada deportiva,2017,"La fotografía muestra a un equipo juvenil de Scorpions posando en formación antes de un partido o actividad competitiva. En la imagen aparecen jugadores y jugadoras acompañados por miembros del cuerpo técnico, utilizando un uniforme blanco con detalles rojos y amarillos. El grupo se encuentra sobre una cancha de césped al aire libre, con un paisaje montañoso al fondo, elemento característico de varios escenarios deportivos de la sabana de Bogotá y municipios cercanos.",https://drive.google.com/file/d/1bi7JIvWGHIdEX6iFQECf06F0eHPdTxQy/view?usp=share_link
Scrp-F-109,Equipo juvenil Scorpions con uniforme de Colombia antes de competencia en brasil,Equipo mixto Scorpions en torneo nacional,2016,"La fotografía muestra a un grupo juvenil de Scorpions posando en una cancha de estadio antes de una competencia deportiva. Los jugadores y jugadoras utilizan uniformes amarillos inspirados en los colores de la selección Colombia, acompañados por medias rojas y pantalonetas oscuras. En la imagen también aparecen integrantes del cuerpo técnico y acompañantes del equipo, ubicados a los extremos del grupo.",https://drive.google.com/file/d/1p3NZGvldA-_Ck0AKX6xa6_0GwJ6tiwj_/view?usp=share_link
Scrp-F-110,Equipo Scorpions con bandera de Colombia en torneo juvenil en brasil,Representación colectiva de Scorpions en competencia deportiva,2016,"La fotografía muestra a un grupo juvenil de Scorpions posando sobre el terreno de juego antes o después de una competencia deportiva. El equipo viste uniforme amarillo con detalles asociados a la selección Colombia y se encuentra acompañado por integrantes del cuerpo técnico y personas vinculadas al proceso del club. En la parte frontal de la imagen aparece extendida una bandera de Colombia, elemento que refuerza el sentido de representación e identidad colectiva del grupo.",https://drive.google.com/file/d/1ZV-jnoTjz_n_0shro9W0YBh7XnXQDVCQ/view?usp=sharing
Scrp-F-111,Jugadora de Scorpions Paula Torres  disputando balón durante un partido,"Acción de juego del equipo femenino Scorpions, Paula Torres ",2021,"La fotografía captura un momento de acción durante un partido del equipo femenino de Scorpions. En el centro de la imagen aparece una jugadora del club disputando el balón frente a varias rivales, mientras otras compañeras acompañan la jugada alrededor del espacio de juego. El uniforme morado y amarillo característico de Scorpions contrasta con el rojo del equipo contrario, resaltando visualmente la intensidad y dinámica del encuentro.",
Scrp-F-112,Jugadora de Scorpions Paula torres recibiendo reconocimiento individual junto a entrenador,"Premiación individual en torneo DBS, paula torres",2021,"La fotografía muestra a una jugadora infantil de Scorpions sosteniendo un trofeo individual mientras posa junto a un entrenador o integrante del cuerpo técnico del club. Ambos llevan medallas al cuello, lo que sugiere la participación del equipo en un torneo o campeonato reciente. La jugadora viste el uniforme morado y amarillo de Scorpions y sostiene un reconocimiento entregado por el torneo DBS, evidenciando un logro destacado dentro de la competencia.",
Scrp-F-113,Equipo femenino de Scorpions en premiación del torneo DBS,"Celebración y premiación equipo femenino Scorpions, dbs",2021,"La fotografía muestra al equipo femenino de Scorpions reunido sobre una tarima durante la ceremonia de premiación de un torneo organizado por DBS. Las jugadoras aparecen usando el uniforme morado y amarillo del club, acompañadas por medallas y un trofeo que simboliza el resultado obtenido en la competencia. También se observa la presencia de un entrenador y de la mascota oficial del torneo, elementos que refuerzan el carácter festivo y comunitario del evento.",
Scrp-F-114,Charla técnica y fotografía grupal del equipo femenino Scorpions,Equipo femenino en jornada deportiva y formación colectiva,2022,"La imagen reúne dos momentos distintos de una misma jornada deportiva del equipo femenino de Scorpions. En la parte superior se observa una charla grupal en medio de la cancha, donde las jugadoras escuchan atentamente a un entrenador antes o después de un partido. En la parte inferior aparece el equipo posando frente al arco para una fotografía grupal, utilizando el uniforme morado y amarillo característico del club.",
Scrp-F-115,Participación del equipo femenino Scorpions en torneo Soccer Melgar,"Equipo femenino en campeonato Soccer Melgar, Tolima",2023,"La imagen corresponde a una historia de Instagram publicada durante la participación del equipo femenino de Scorpions en el torneo Soccer Melgar, realizado en Melgar, Tolima, en agosto de 2024. La composición reúne dos fotografías grupales: en la parte superior, las jugadoras posan junto a un trofeo frente a la estructura oficial del campeonato; en la parte inferior, el equipo aparece reunido en la cancha acompañado por integrantes del cuerpo técnico.",
Scrp-F-116,Jugadora de Scorpions Paula Torres realizando saque de banda durante partido,Acción de juego en torneo femenino,2021,"La fotografía muestra a una jugadora de Scorpions en medio de un partido, preparándose para realizar un saque de banda. La imagen fue tomada desde uno de los costados de la cancha y captura un momento cotidiano del juego, mientras otras jugadoras y el equipo rival permanecen distribuidos en el campo esperando la reanudación de la jugada. La publicación incluye la cuenta de Instagram de la fundación, lo que indica que probablemente fue compartida en redes sociales como parte de la difusión de las actividades deportivas del club.",
Scrp-F-117,"Jugadoras de Scorpions observando el desarrollo del partido, Paula Torrs y Laura Navarrete","Escena de juego del equipo femenino Scorpions,Paula Torrs , Laura Navarrete",2021,"La fotografía muestra a dos jugadoras del equipo femenino de Scorpions dentro de la cancha durante un partido. Ambas aparecen de espaldas observando el desarrollo del juego mientras utilizan el uniforme morado y amarillo del club, con los números 9 y 10 visibles en sus camisetas. Al fondo se observa el paisaje urbano y montañoso característico de la sabana de Bogotá, junto a otras personas y equipos presentes en el escenario deportivo.",
Scrp-F-118,Jugadoras de Scorpions recibiendo certificados de reconocimiento deportivo,"Reconocimiento y formación deportiva en clinica de futbol scorpions, Paula Torre",2025,"La fotografía muestra a dos jugadoras infantiles de Scorpions posando junto a un entrenador durante una ceremonia de reconocimiento realizada en el marco de un torneo organizado por scorpions. Ambas sostienen certificados con sus nombres visibles mientras utilizan el uniforme celeste y negro del club. La imagen fue compartida como una historia de Instagram e incluye mensajes de agradecimiento hacia la fundación y hacia el entrenador, resaltando la importancia del acompañamiento recibido durante el proceso deportivo.",
Scrp-F-119,Reconocimiento individual y fotografía grupal de categorías formativas Scorpions,"Premiación  crecimiento colectivo en categorías mixtas Scorpions, Paula torres ",2024,"La imagen reúne dos momentos relacionados con las categorías formativas de Scorpions. En la parte superior, dos jóvenes jugadores posan con un trofeo durante una premiación realizada en un torneo DBS, mientras en la parte inferior aparece una fotografía grupal de niños, niñas y entrenadores utilizando el uniforme morado del club. La publicación incluye el mensaje “Un gran proyecto y evolución, con el esfuerzo de todo”, resaltando el sentido colectivo y progresivo del proceso deportivo dentro de la fundación.",
Scrp-F-120,Jugadora Paula Torres con uniforme número 10 de Scorpions vista desde la espalda,Identidad visual y representación simbólica del uniforme Scorpions,2025,"La fotografía muestra a una jugadora de Scorpions observando un partido desde uno de los costados de la cancha mientras viste el uniforme morado oficial del club. La imagen está tomada desde atrás, resaltando el número 10 estampado en dorado junto al logo de Scorpions y el patrocinio de Infectoweb. El encuadre centra la atención en la camiseta y en los elementos gráficos que conforman la identidad visual del equipo.",
Scrp-F-121,Celebración y premiación del equipo femenino Scorpions,"Reconocimiento deportivo y memoria colectiva del equipo femenino , Paula Torres ",2025,"El collage reúne diferentes momentos de celebración y premiación de un equipo femenino de Scorpions luego de una competencia deportiva. Las jugadoras aparecen usando el uniforme morado y dorado del club mientras sostienen trofeos, medallas y banderas institucionales. Las imágenes muestran tanto retratos grupales como fotografías más íntimas entre compañeras y entrenadoras, resaltando los vínculos afectivos construidos alrededor del fútbol.",
Scrp-F-122,Participación de Scorpions en el IX Torneo Nacional de Fútbol Soccer Melgar,"Experiencia competitiva y representación juvenil en torneos nacionales, Paula Torres ",2025,"El collage reúne diferentes momentos de la participación de jugadores y jugadoras de Scorpions en el IX Torneo Nacional de Fútbol realizado en Melgar durante diciembre de 2025. Las imágenes muestran escenas de premiación, fotografías grupales, retratos individuales y acciones de juego dentro de la cancha. Las y los participantes aparecen usando el uniforme morado del club, acompañado por medallas, trofeos y símbolos del torneo.",
Scrp-F-123,Jugadora de Scorpions reconocida como “Jugadora del Partido” Paula Torres,"Reconocimiento individual y dimensión emocional del fútbol formativo, Paula Torres ",2026,"La fotografía muestra a una jugadora de Scorpions posando frente al logo de “La Liga F8” mientras sostiene un reconocimiento como “Jugadora del Partido”. La deportista viste el uniforme morado y dorado del club, acompañado de los patrocinadores y símbolos institucionales de Scorpions. La imagen registra un momento de orgullo deportivo individual dentro de un contexto competitivo juvenil.",
Scrp-F-124,Retrato de arquera de Scorpions en cancha de entrenamiento,Representación de las porteras en el fútbol femenino amateur,2018,"La fotografía muestra a una arquera de Scorpions posando frente al arco mientras sostiene un balón con guantes de portera y uniforme oficial del club. La jugadora viste una camiseta gris con detalles negros y dorados, acompañada del número 1, elemento tradicionalmente asociado a la posición de arquera dentro del fútbol. El retrato fue tomado en una cancha abierta durante una jornada deportiva o entrenamiento.",
Scrp-F-125,Convocatoria de Scorpions para todas las categorías deportivas,Difusión institucional y crecimiento de las categorías formativas,2019,"La imagen corresponde a una pieza gráfica de convocatoria realizada por Scorpions para promocionar entrenamientos y procesos de inscripción en distintas categorías del club. El collage reúne fotografías de equipos juveniles, categorías menores y fútbol femenino libre, acompañadas de información logística sobre las convocatorias, lugar de entrenamiento y grupos de edad participantes.",
Scrp-F-126,Convocatoria gratuita para fútbol femenino Scorpions,Promoción y acceso al fútbol femenino formativo,2018,"La imagen corresponde a una pieza gráfica de convocatoria realizada por Scorpions para invitar a niñas y jóvenes a participar en procesos de fútbol femenino. El afiche incluye el mensaje “Trabajamos por tus sueños” y destaca que la convocatoria era “sin costo”, además de señalar la fecha y el lugar de entrenamiento en la sede de La Bombonera, vía Suba-Cota.",
Scrp-F-127,Jugadora vinculada al CD Badajoz Femenino,Proyección internacional y oportunidades deportivas,2020,La fotografía muestra a una joven futbolista sonriendo mientras firma documentos frente al logo de “CD Badajoz Femenino”. La escena parece registrar un momento oficial relacionado con su incorporación o vinculación al club español. La imagen transmite una sensación de logro y transición dentro de la trayectoria deportiva de la jugadora.,
Scrp-F-128,Firma de vinculación deportiva con CD Badajoz Femenino,nternacionalización y trayectoria de jugadoras formadas en Scorpions,2020,La fotografía muestra a una joven futbolista sentada frente al escudo y nombre de “CD Badajoz Femenino” mientras firma documentos relacionados con su incorporación al club. La imagen registra un momento institucional importante dentro de su trayectoria deportiva y simboliza el paso de procesos formativos locales hacia escenarios internacionales.,
Scrp-F-129,Trayectoria internacional y proyección deportiva de jugadoras Scorpions,Procesos de formación y oportunidades internacionales,2019,"El collage reúne diferentes momentos relacionados con la experiencia y proyección internacional de jugadoras vinculadas a la Fundación Scorpions. Las fotografías muestran retratos deportivos, entrenamientos y encuentros institucionales que documentan procesos de crecimiento personal y futbolístico más allá de las competencias locales",
Scrp-F-130,Reconocimiento y proyección internacional de jugadoras formadas en Scorpions,Trayectorias deportivas y oportunidades internacionales,2019,El collage reúne distintos momentos de reconocimiento deportivo y proyección internacional de una jugadora vinculada a la Fundación Scorpions. Las imágenes conectan etapas diferentes de su trayectoria: desde logros individuales en torneos locales hasta experiencias de vinculación con clubes y procesos deportivos en España.,
Scrp-F-131,Vínculos internacionales y experiencias deportivas en España,Proyección internacional de jugadoras Scorpions,2019,"La fotografía muestra a una jugadora vinculada a la Fundación Scorpions posando frente al escudo del Club de Mislata, en España. La imagen registra un momento relacionado con procesos de intercambio, visibilización o acercamiento internacional dentro de su trayectoria deportiva.",
Scrp-F-132,Entrega de uniforme y vínculo institucional con el Club de Mislata,Procesos de internacionalización y acompañamiento deportivo,2019,Procesos de internacionalización y acompañamiento deportivo,
Scrp-F-133,Jugadora Scorpions en experiencia internacional con Mislata CF Femenino,Internacionalización y representación deportiva,2019,"La fotografía muestra a una jugadora formada en la Fundación Scorpions sosteniendo una bufanda oficial del Mislata CF Femenino, frente al escudo del club en España. La imagen registra un momento simbólico de integración y reconocimiento dentro de una experiencia internacional vinculada al fútbol femenino.",
Scrp-F-134,Semifinal femenina Scorpions FC vs USA Portland – Torneo Arrayanes Copaverano,Competencias y participación femenina,2018,"La imagen corresponde a una pieza gráfica promocional de las semifinales del Torneo Arrayanes Copaverano en la categoría femenina. En el afiche se anuncia el encuentro entre Scorpions FC y USA Portland, programado para el domingo 4 de agosto a las 2:00 p.m.",
Scrp-F-135,Publicación digital del equipo femenino Scorpions,Representación digital y visibilidad del fútbol femenino,2017,"La imagen corresponde a una publicación realizada desde la cuenta “escueladefutbolscorpions”, donde aparece el escudo del club junto a una fotografía grupal del equipo femenino. La captura conserva una de las formas en que Scorpions comenzó a construir presencia y memoria digital alrededor de sus jugadoras mediante redes sociales y plataformas virtuales.",
Scrp-F-136,Jugadores y jugadoras Scorpions con trofeo de subcampeonato,Reconocimientos deportivos y memoria de torneo,2018,"La fotografía muestra a integrantes de Scorpions posando con un trofeo de subcampeonato y medallas obtenidas durante un torneo deportivo. La imagen reúne tanto jugadores como jugadoras del club, evidenciando la convivencia y participación conjunta dentro de los procesos formativos de la fundación.",
Scrp-F-137,Celebración colectiva de subcampeonato Scorpions,"Memoria de torneos y comunidad deportiva, Torneo Arrayanes",2018,"La fotografía muestra a un grupo amplio de integrantes de Scorpions reunidos después de una competencia deportiva, posando junto a un trofeo y medallas obtenidas durante el torneo. En la imagen aparecen jugadores, jugadoras, entrenadores y acompañantes, reflejando el carácter colectivo y comunitario del club.",
Scrp-F-138,Encuentro y convivencia del equipo femenino Scorpions,"Comunidad, acompañamiento y memoria colectiva",2016,"El collage reúne dos fotografías del equipo femenino de Scorpions compartiendo un espacio de encuentro junto a familiares, acompañantes y miembros cercanos al club. Las jugadoras aparecen usando uniformes grises del equipo, mientras las imágenes transmiten un ambiente de cercanía, celebración y convivencia fuera del contexto competitivo del campo de juego.",
Scrp-F-139,Participación de equipos masculino y femenino en el Torneo Arrayanes 2018,Competencias deportivas y representación institucional,2018,"El collage reúne fotografías de los equipos masculino y femenino de Scorpions durante su participación en el Torneo Arrayanes Pretemporada 2018. Ambas imágenes muestran a los grupos posando antes o después de la competencia junto al banner oficial del torneo, evidenciando la presencia simultánea de diferentes categorías del club dentro de escenarios organizados de fútbol amateur y formativo.",
Scrp-F-140,Jugadora de Scorpions en Foz de Iguazú,"Viajes deportivos y proyección internacional, Torneo Arrayanes",2016,"La fotografía muestra a una jugadora de Scorpions posando dentro de un estadio en la ciudad de Foz de Iguazú, Brasil, durante una experiencia deportiva internacional. La jugadora viste uniforme de la Selección Colombia, mientras al fondo se observan otras personas realizando actividades sobre la cancha.",
Scrp-F-141,Jugadora descansando durante un Entrenamiento ,"Momentos cotidianos y emocionales del fútbol femenino, Torneo Arrayanes",2026,"La fotografía captura a una jugadora sentada sobre la cancha durante un entrenamiento, en un momento de pausa y aparente reflexión mientras el juego continúa a su alrededor. La imagen se aleja de las fotografías tradicionales de celebración o competencia y muestra una dimensión más íntima y humana de la experiencia deportiva.",
Scrp-F-142,Equipo femenino Scorpions posando antes de partido,"Formación y procesos colectivos del fútbol femenino, Torneo Arrayanes",2013,"La fotografía muestra a un equipo femenino de Scorpions reunido sobre la cancha antes de un partido oficial. Las jugadoras aparecen organizadas en filas junto al cuerpo técnico y la arquera del equipo, en una imagen típica de presentación grupal que documenta la identidad colectiva del club en sus procesos formativos.",
Scrp-F-143,Equipo femenino Scorpions en formación prepartido,"Identidad colectiva y continuidad deportiva, Torneo Arrayanes",2014,"La fotografía muestra a un equipo femenino de Scorpions reunido frente al arco antes de un encuentro deportivo. Las jugadoras aparecen organizadas en dos filas junto al cuerpo técnico y la arquera del equipo, conformando una imagen grupal que funciona como registro de identidad y pertenencia dentro del proceso deportivo del club.",
Scrp-F-144,Equipo femenino Scorpions en Torneo Arrayanes,"Participación en torneos y representación deportiva, Torneo Arrayanes",2017,"La fotografía muestra al equipo femenino de Scorpions posando de manera grupal durante el Torneo Arrayanes, uno de los espacios de competencia amateur y formativa más importantes para diferentes clubes y escuelas de fútbol en la región. Las jugadoras aparecen acompañadas por integrantes del cuerpo técnico y colaboradores del equipo frente al banner oficial del torneo.",
Scrp-F-145,Premiación del equipo femenino en Torneo Arrayanes,"Reconocimientos y logros deportivos, Torneo Arrayanes",2018,"La fotografía muestra al equipo femenino de Scorpions durante una ceremonia de premiación en el Torneo Arrayanes. Las jugadoras aparecen reunidas sobre una tarima junto al trofeo del campeonato y las medallas obtenidas, acompañadas por integrantes del cuerpo técnico y personas vinculadas al proceso deportivo del club.",
Scrp-F-146,Entrega de trofeo en Torneo Arrayanes,"Ceremonias y reconocimiento deportivo, Torneo Arrayanes",2017,"La fotografía registra un momento de entrega de trofeo durante una ceremonia de premiación del Torneo Arrayanes. En la imagen se observa a una jugadora de Scorpions recibiendo un reconocimiento deportivo junto a integrantes de la organización del campeonato, rodeados por distintos trofeos y premios exhibidos sobre una mesa.",
Scrp-F-147,Jugadoras durante ceremonia de premiación,"Participación en torneos y experiencias colectivas, Torneo Arrayanes",2017,"La fotografía muestra a varias jugadoras de Scorpions acercándose al espacio de premiación durante el Torneo Arrayanes. En la escena se observan trofeos, medallas y miembros de la organización del campeonato mientras las futbolistas esperan recibir reconocimientos deportivos tras su participación en el torneo.",
Scrp-F-148,Entrega de medallas a jugadoras de Scorpions,"Reconocimiento deportivo y memoria colectiva del equipo femenino,Torneo Arrayanes",2017,La fotografía registra el momento en que varias jugadoras de Scorpions reciben medallas durante una ceremonia de premiación en el Torneo Arrayanes. En la imagen se observa a integrantes de la organización colocando las medallas a las futbolistas mientras otras compañeras esperan su turno cerca de la mesa de trofeos y reconocimientos.,
Scrp-F-149,quipo femenino Scorpions en Torneo Arrayanes,"Participación competitiva y memoria de equipo,Torneo Arrayanes",2017,"La fotografía muestra al equipo femenino de Scorpions posando antes o después de un encuentro del Torneo Arrayanes. Las jugadoras aparecen acompañadas por integrantes del cuerpo técnico y personas vinculadas al club, ubicadas detrás del banner oficial del campeonato en una cancha abierta rodeada de montañas y paisaje rural.",
Scrp-F-150,Jugadora disputando balón en Torneo Arrayanes,"Competencia y acción en el fútbol femenino ,Torneo Arrayanes",2018,"La fotografía captura un momento de juego durante un partido del Torneo Arrayanes 2018. En la escena se observa a una jugadora de Scorpions controlando el balón mientras es presionada por una rival, en una acción que refleja la intensidad competitiva y la dinámica del encuentro. Otras futbolistas aparecen distribuidas por la cancha siguiendo el desarrollo de la jugada",
Scrp-F-151,Acción ofensiva durante partido del Torneo Arrayanes,"Competencia y juego colectivo en el fútbol femenino,Torneo Arrayanes",2018,"La fotografía registra una jugada ofensiva dentro de un partido del Torneo Arrayanes 2018. Desde una perspectiva ubicada detrás del arco, la imagen captura el momento en que una jugadora remata frente a la portería mientras la arquera intenta reaccionar para evitar el gol. Alrededor de la acción principal se observan otras futbolistas posicionadas estratégicamente dentro del campo, siguiendo el desarrollo de la jugada.",
Scrp-F-152,Definición de jugada frente al arco en el Torneo Arrayanes,"Competencia deportiva y registro de partido, Torneo Arrayanes",2018,"La fotografía captura un momento decisivo de un partido femenino durante el Torneo Arrayanes 2018. Desde una perspectiva ubicada detrás de la portería, la imagen registra la llegada ofensiva de una jugadora que avanza hacia el arco mientras la arquera y las defensoras intentan reaccionar ante la jugada. El balón aparece próximo a la línea de gol, generando tensión y dramatismo dentro de la escena deportiva.",
Scrp-F-153,Acción defensiva durante partido del Torneo Arrayanes,"Juego competitivo y dinámicas del fútbol femenino, Torneo Arrayanes",2018,"La fotografía registra una acción de juego durante un partido femenino en el Torneo Arrayanes 2018. En la imagen se observa a una jugadora ofensiva avanzando con el balón hacia el área mientras una defensora intenta cerrar el espacio levantando los brazos y posicionándose para bloquear la jugada. Otras futbolistas aparecen distribuidas alrededor del campo siguiendo el desarrollo de la acción, en un entorno donde múltiples partidos se desarrollan simultáneamente.",
Scrp-F-154,Llegada ofensiva en el Torneo Arrayanes 2018,"Acciones de juego y fútbol femenino competitivo, Torneo Arrayanes",2018,La fotografía registra una jugada ofensiva durante un partido femenino del Torneo Arrayanes 2018. En la escena se observa a una jugadora avanzando con el balón hacia el arco rival mientras la arquera sale de la portería intentando anticipar la acción y reducir el espacio de definición. Otra futbolista aparece al fondo siguiendo la jugada desde una posición más retrasada dentro del campo.,
Scrp-F-155,Trayectoria y reconocimientos de jugadora formada en Scorpions,Proyección deportiva y memoria de jugadoras,2017-2019,"El collage reúne distintos momentos de la trayectoria deportiva de una jugadora vinculada al proceso formativo de Scorpions. Las imágenes muestran reconocimientos individuales obtenidos en torneos de fútbol femenino, celebraciones relacionadas con logros deportivos y fotografías tomadas durante su paso a clubes internacionales, evidenciando un recorrido de crecimiento dentro y fuera del país.",
Scrp-F-156,Reconocimientos individuales de jugadoras formadas en Scorpions,Proyección individual y memoria de jugadoras,2018,"El collage reúne retratos de dos jugadoras vinculadas a procesos formativos y competitivos relacionados con Scorpions y Galaxy FC International. Ambas fotografías destacan reconocimientos individuales obtenidos dentro de torneos y competencias de fútbol femenino, evidenciando el desempeño y crecimiento deportivo de las futbolistas dentro de espacios amateurs y formativos.",
Scrp-F-157,Capitanas y cuerpo arbitral antes de partido femenino,Representación deportiva y ritual previo al juego,2017,"La fotografía registra el momento previo al inicio de un partido femenino en el Club Social y Deportivo Maracaná. En la imagen aparecen las capitanas de ambos equipos acompañadas por el cuerpo arbitral, posando en el centro del campo junto al balón antes del comienzo del encuentro. La jugadora vinculada a Scorpions porta el brazalete de capitana, símbolo de liderazgo y representación dentro del equipo.",
Scrp-F-158,Celebración de subcampeonato en la Copa Plata Maracaná Sub-16,Reconocimiento colectivo y logros deportivos,2017,La fotografía registra la ceremonia de premiación del equipo Sub-16 de Scorpions tras obtener el subcampeonato en la Copa Plata Maracaná. Las jugadoras y jugadores aparecen reunidos sobre la tarima levantando el trofeo mientras celebran colectivamente el logro alcanzado. Las medallas colgadas en sus uniformes evidencian el reconocimiento obtenido dentro del torneo y refuerzan el carácter competitivo del evento.,
Scrp-F-159,Clínica de fútbol Scorpions 2025,Formación deportiva y trabajo colectivo,2025,"La fotografía registra una jornada de la Clínica de Fútbol Scorpions 2025, donde jugadores y jugadoras posan colectivamente en una de las canchas del complejo deportivo. La imagen reúne a jóvenes de distintas categorías acompañados por integrantes del cuerpo técnico, evidenciando el carácter formativo e integrador del proyecto deportivo desarrollado por el club.",
Scrp-F-160,Grupo de formación durante jornada deportiva de Scorpions,Procesos formativos y comunidad deportiva,2025,"La fotografía muestra a un grupo de niños, niñas y jóvenes integrantes de Scorpions durante una jornada deportiva en las canchas de entrenamiento del club. Los jugadores y jugadoras posan juntos utilizando el uniforme institucional, acompañados por integrantes mayores del proceso formativo, en un entorno abierto rodeado por montañas y campos deportivos.",
Scrp-F-161,Entrenamiento infantil de Scorpions con entrenador fifa,Formación infantil y procesos pedagógicos,2025,"La fotografía muestra a un grupo de niños, niñas y jóvenes integrantes de Scorpions durante una jornada deportiva en las canchas de entrenamiento del club. Los jugadores y jugadoras posan juntos utilizando el uniforme institucional, acompañados por integrantes mayores del proceso formativo, en un entorno abierto rodeado por montañas y campos deportivos.",
Scrp-F-162,Clínica de fútbol Scorpions en colaboración con Inter de Zamora,Intercambios deportivos y formación internacional,2025,"La fotografía muestra una jornada de entrenamiento correspondiente a la Clínica de Fútbol Scorpions realizada en colaboración con el Inter de Zamora. En la imagen se observa a niños y jóvenes participando en ejercicios con balón dentro de una cancha abierta, mientras uno de los entrenadores supervisa la práctica desde el campo. Los participantes utilizan uniformes deportivos celestes y negros, y el paisaje montañoso del fondo sitúa la actividad en las canchas de la sabana de Bogotá.",
Scrp-F-163,Jugadora de Scorpions reconocida como mejor arquera,Reconocimientos individuales y fútbol femenino,2018,"La fotografía muestra a una jugadora de Scorpions posando frente a un fondo institucional del club mientras sostiene un trofeo de reconocimiento individual como arquera destacada. La deportista viste el uniforme oficial de entrenamiento del equipo y aparece sonriendo frente al emblema de Scorpions, reforzando la relación entre el logro personal y el proceso colectivo del club.",
Scrp-F-164,Equipo femenino Scorpions durante premiación de torneo,Reconocimientos colectivos y fútbol femenino,2017,"La fotografía muestra al equipo femenino de Scorpions posando en grupo durante una ceremonia de premiación después de un torneo. Las jugadoras aparecen usando uniformes negros y rosados, acompañadas por entrenadores, familiares y miembros del cuerpo técnico. Varias de ellas llevan medallas colgadas al cuello y una de las participantes sostiene un trofeo, mientras el grupo celebra colectivamente el resultado deportivo alcanzado.",
Scrp-F-165,Equipo femenino Scorpions durante concentración deportiva,Convivencia de equipo y fútbol femenino,2017,"La fotografía muestra a un grupo de jugadoras del equipo femenino de Scorpions posando junto a uno de sus entrenadores en un espacio de concentración o convivencia deportiva. Las deportistas visten el uniforme negro y rosado del club, mientras el grupo se reúne en una zona verde cercana a instalaciones recreativas y deportivas, posiblemente durante un torneo o viaje competitivo fuera de Bogotá.",